DayOfWeek,Revenue
Friday,366345.837206282
Tuesday,308768.358347472
Monday,298350.148315635
Saturday,268261.789307825
Sunday,212238.469132032
Wednesday,208457.859101232
Thursday,202137.71888845
