Description,Revenue
DOTCOM POSTAGE,206245.480285972
REGENCY CAKESTAND 3 TIER,164762.187789917
WHITE HANGING HEART T-LIGHT HOLDER,99668.4699640274
PARTY BUNTING,98302.9793171883
JUMBO BAG RED RETROSPOT,92356.0285712481
RABBIT NIGHT LIGHT,66756.5887694359
POSTAGE,66230.6399688125
"PAPER CHAIN KIT 50'S CHRISTMAS ",63791.9396007061
ASSORTED COLOUR BIRD ORNAMENT,58959.7318835258
CHILLI LIGHTS,53768.0592079163
