Country,Revenue
Netherlands,284661.539452553
EIRE,263276.81873069
Germany,221698.208920769
France,197403.898978457
Australia,137077.270059764
Switzerland,56385.3498599529
Spain,54774.5800830871
Belgium,40910.9599432945
Sweden,36595.9097245634
Japan,35340.619907558
