CustomerID,Revenue
14646,279489.019443005
18102,256438.488360524
17450,187482.17097187
14911,132572.6192782
12415,123725.450122952
14156,113384.139509797
17511,88125.379832834
16684,65892.0794738531
13694,62653.0997211486
15311,59419.3393508941
